id,example,price,service,products,environment
ss210,"we really enjoyed the bbq ribs , brisket , and pulled pork . ",0,0,1,0
ss266,the chicken biscuit with the pepper jam is a must have . ,0,0,1,0
ss123,my only issue was the cleanliness of the restaurant . ,0,0,0,1
ss472,the service is extremely friendly . ,0,1,0,0
ss289,prices are high the bud is not the best . ,1,0,1,0
ss479,our bill was around $ 400 - it was upsetting that they decided to be stingy about a $ 8 piece of cake . ,1,1,0,0
ss147,i purchased a gibeon meteorite and black zirconium wedding band from rings unique for approximately $ 1200 . ,1,0,1,0
ss69,the portion sizes here are gigantic .... we ordered based on our hunger level and should have ordered one plate to share . ,0,0,1,0
ss104,only downside : three entrees served simultaneously but fourth   beet/ goat cheese ravioli   was 2 - 3 minutes later which allowed my accompaniments   delicious creamy polenta   to cool off to much . ,0,1,1,0
ss333,omg . love this place . amazing food great staff and probably the only fancy vegan spot in town . took my carnivorous friend who also loved it . ,0,1,1,0
ss337,beef tasted really good . it was clean . staff was friendly . selection is good . we were very happy with   wahlburgers . ,0,1,1,1
ss135,this particular location has a good check in deal . ,1,0,0,0
ss323,the food was great . the waiter was friendly and attentive . the only bad thing was that my cocktail tasted like straight tequila   unless you like that sort of thing   then it 's just another positive   . ,0,1,1,0
ss30,for under $ 7 you get a custom made sub sandwich . ,1,0,1,0
ss126,"rodney and his crew gave us a great price and did the work so quick , literally , it was done before we knew it ",1,1,0,0
ss261,"the staff , vanguards of vigilant satisfaction and scholars of fun and entertainment . ",0,1,0,0
ss460,unassuming exterior but very nice nice interior - lots of cool art and very spacious ! ,0,1,0,0
ss99,all the instructors are friendly and helpful . ,0,1,0,0
ss132,poor quality sirloin covered in a thick brown sauce . ,0,0,1,0
ss295,disappointed with the food ... no flavor and very lame . had to search for steak in the phily cheese steak ... ,0,0,1,0
ss11,she even stayed with me after closing to make sure i got everything i needed ,0,1,0,0
ss238,this is a sit down street food establishment that is priced as high as a upscale restaurant but the deliciousness of the food is not as high as street food . ,1,0,0,0
ss241,the falafel was texture wise really good but the taste factor was not there just like the rest of my food unfortunately . ,0,0,1,0
ss368,great place to leave your little one . affordable and friendly staff . we are very happy to have them available . ,1,1,0,0
ss273,waited 13 minutes for someone to pick up the phone and finally gave up ,0,1,0,0
ss262,"not only do these wonderful people create food to come back for again and again , but the price is right ! ",1,1,0,0
ss432,it was very affordable too . ,1,0,0,0
ss467,great doner as well as warm and cold salads and dishes ,0,0,1,0
ss294,"the rice "" bun "" will definitely fall apart on you . ",0,0,1,0
ss200,good food with great variety . ,0,0,1,0
ss237,i love street food but this is mediocre street food gone overpriced ! ,1,0,1,0
ss172,you get a much much larger portion for the same price at sfu   the bowl is over - flowing   . ,1,0,0,0
ss286,"i can not give more than 4 stars though , because the prices were just too high for what you get . ",1,0,0,0
ss494,"the prices are reasonable , and my experience with the customer service has always been very positive ",1,1,0,0
ss281,"they offer a variety of leagues and training options with some discounts   about 10 %   for ubc students , staff , faculty and una residents . ",1,0,1,0
ss190,"they do not fill up your ice cream because they say they leave room so you can take your cap off , what about the big hole in the center of the lid ? ",0,0,1,0
ss72,customer service told me nothing was rescheduled ,0,1,0,0
ss129,this is the worst place for a hairstyle . ,0,1,0,0
ss360,delicious !   finally got to go after waiting 2 years !   i 'm from the san francisco area .   i got the yakisoba dog . ,0,0,1,0
ss391,rude rude rude ! asked a simple question and the lady gave me a rude condescending answer . ,0,1,0,0
ss345,no frills fast casual sushi . i ordered the sweet girl maki and spicy crazy salmon for takeout and both were delicious ,0,0,1,0
ss36,"the ambience , service , and food was pretty cool here . ",0,1,0,1
ss319,ssshhh ... do n't tell any more people about this place ! ,0,0,0,0
ss178,"great customer service , great food that is fresh and cooked to order . ",0,1,0,0
ss491,the frozen yogurt at this place is terrible . ,0,0,1,0
ss134,"gorgeous , gorgeous , gorgeous interior design , with small outdoor area . ",0,0,0,1
ss7,horrible service attitude . ,0,1,0,0
ss94,"when we were about to pay , the server handed us a bill and i reminded her that we were using the 1/2 off scoutmob deal , so she took the bill back and came back with another that was pretty much the same except $ 8 difference ... really ? ! ? ",1,1,0,0
ss114,"for the amenities and $ paid , it 's small . ",1,0,0,0
ss156,there is usually no wait for lunch but it can take really long to get a table at night   they don´t take reservations   . ,0,1,0,0
ss177,disappointed in the fact they do n't tell you the price ,1,0,0,0
ss426,"service is attentive and friendly , food is consistently good , and i ca n't think of a better place to watch sports ",0,1,0,0
ss385,pricey but high quality reminding me of the healdsburg bakery in northern california . i had the blueberry bread $ 4 . i will return . ,1,0,1,0
ss89,the staff and service was really good . i highly recommend this place . ,0,1,0,0
ss280,"they always have cheap movies - lots of recent run films , but some older stuff too . ",1,0,1,0
ss388,reat product for the money ! ! if you ever have a problem   do n't fret . customer service is a+ ! definitely would recommend this company ! ! ! ,1,1,1,0
ss151,paid over $ 80 for a king crab leg with an upgraded side and two beers . ,1,0,0,0
ss137,"even though the stuff is probably overpriced , you ca n't help but just want to buy up the whole store and bring it home with you . ",1,0,0,0
ss120,"this camp has a loving , nurturing atmosphere that allows kids of all backgrounds and levels of arts experience to excel . ",0,0,0,1
ss398,very large space with lots of seating . ,0,0,0,1
ss197,fabulous service and awesome food ,0,1,0,0
ss221,service was thorough and effective . ,0,1,0,0
ss346,lunch with the essence girls . the salmon burger was really yummy as well as the dry cider on tap . ,0,0,1,0
ss306,over priced . two patch sewn on and a small whole hemmed . 20 $ last and only time . miss me with tht . she must be trying to make her buckhead rent . ,1,0,0,0
ss278,she makes sure she gets that you are satisfied whilst going above & beyond ! ,0,1,0,0
ss362,got seated at 6:50 ... waiter ignored us most of the time ... still waiting for the check at 10:08 now . decent food . terrible service . ,0,1,0,0
ss138,reception hung up on me multiple times and would not listen . ,0,1,0,0
ss143,pricing reflects the demand -- it 's not cheap indian food   though not very expensive either   . ,1,0,0,0
ss331,great service once again food came out quick and the drinks are good . i enjoyed a caesar salad with pimento cheese balls   fried to perfection   . ,0,1,1,0
ss157,the owners are the nicest people and the service is excellent . ,0,1,0,0
ss378,wish i could give it more . everything about this restaurant was a big negative . the food was bland and service was terrible . ,0,1,1,0
ss347,i went here for dinner the other night based on a recommendation of a coworker .   the food is good and spicy   but nothing out of the ordinary . the atmosphere is underwhelming the service is just ok . ,0,1,1,1
ss193,there is no sense of urgency of your time at all ,0,1,0,0
ss45,too many other places to shop with better prices . ,1,0,0,0
ss446,"so when i moved my leg the wax got all over my sock and instead of apologizing for putting them in a spot it should n't have been , she told me to be careful ! ",0,1,0,0
ss161,they have coupons discount for first second and third time customers through their website ,1,0,0,0
ss352,great place to cool down and enjoy an iced coffee or shake ! bonus is if you 're hungry there 's a restaurant attached as well as a bar . ,0,0,1,0
ss341,first time visiting and i had a wonderful time thanks to our server bobbie . recommended the short ribs   recommended the lobster max and cheese . very responsive and attentive ,0,0,1,0
ss309,i love this restaurant all of my experiences there have been great . i encourage everyone to try it someday but beware it 's pricy . ,1,0,0,0
ss455,the gentleman at the front desk is seriously one of the kindest people i 've met ,0,1,0,0
ss276,"like , say , 2 lobsters for $ 26 cooked all plump and tender and smothered in the most divine garlic , ginger and green onion sauce that will have you licking your fingers , licking your chin and licking your partner 's face because it 's so damn delicious . ",1,0,1,0
ss471,i had the pho real and it was one of the best sandwiches of my life . ,0,0,1,0
ss390,i have no words for this unscrambled sausage and egg taco other than to do better   joe 's bakery . ,0,0,1,0
ss342,overrated crowded just okay . the staff was no where to be found when something was needed water glasses always empty will not return here . ,0,1,0,1
ss42,the dipping ramen was slightly too salty . ,0,0,1,0
ss217,"not a cheap date , my pup ",1,0,0,0
ss448,happy they are renovating the space and moving the aisles around . ,0,0,0,1
ss118,the bbq is wonderful and they have maybe the best collard greens i have had in the us . ,0,0,1,0
ss431,i highly recommend the shrimp won ton soup ! ,0,0,1,0
ss9,"environment is very open , clean and comfortable . ",0,0,0,1
ss365,omg i love coming here great atmosphere very good service the waiters are on time always sweet love the food definitely try the fish ,0,1,1,1
ss6,"delicious food , friendly people , quick . ",0,1,0,0
ss386,always amazing food and amazing service ! ! they have good drinks and one of the beat paella in town ,0,1,1,0
ss361,the quality is pretty good if you go at the right time but it 's way too expensive ! $ 2 - 3 + per plate ,1,0,1,0
ss8,great service at lunch . ,0,1,0,0
ss102,our waitress and the manager are what make good establishments exceptional . ,0,1,0,0
ss422,no service for a good 10 minutes after we seated ourselves . ,0,1,0,0
ss298,never a disappointment ! mellow balls beer cheese and good pizza ! get the holy shiitake you wo n't regret it ! ,0,0,1,0
ss481,  it 's so peaceful and they have the best music ! ,0,0,0,1
ss250,they should make it easier to make a reservation online ! ,0,1,0,0
ss433,they were extremely efficient and on time . they always let us know updates about our items ,0,1,0,0
ss458,matt slowik was excellent and professional throughout ,0,1,0,0
ss199,the manager that did my nails has the worst personality . ,0,1,0,0
ss387,7$$$ for a flavorless smoothie . it tasted like water it barely had any flavor . def not worth the price ,1,0,1,0
ss470,the food and drinks are priced well . ,1,0,0,0
ss88,"i was looking for golf shoes , and found some that felt good and fit well but had no price . ",1,0,1,0
ss437,"i got the tuna burger which was n't mushy and flavorless and which was not on a "" baguette "" as the menu said but on a sandwich thin ",0,0,1,0
ss59,the seafood was not fresh . ,0,0,1,0
ss76,i felt like i was at a fine dining establishment . ,0,0,0,1
ss344,great americano and according to wife great ambiance . sandwiches looked tasty but we had already eaten . cannoli was a great treat . ,0,0,1,1
ss31,it was definitely not worth the money ,1,0,0,0
ss415,cute and cozy place - kind of feels like you 're drinking in a fancy library . ,0,0,0,1
ss110,the service is excellent and the family feel of this place is so great . ,0,1,0,0
ss495,"they 've got an amazing variety of   clothing , furniture , knick knacks , glasses , boots , wacky toys ",0,0,1,0
ss154,slowest coffee shop i ' ve been to in boston . took 15 minutes for me to get a breakfast sandwich . ,0,1,0,0
ss54,a little expensive but i 'll definitely be back time and time again ,1,0,0,0
ss379,amazing selection of micro brews ! try the fried pickles :  ,0,0,1,0
ss222,"tasty cousine ,    large selection of food ,    you can fine everything what you want ",0,0,1,0
ss408,pizza was good but the delivery guy was really rude ,0,1,1,0
ss308,2 pitchers of   sam adams   beer $ 50 . i like the dive vibe but that is unheard of even for the financial district . ,1,0,0,1
ss327,home run on everything -- food drink atmosphere . for oyster lovers a meal at neptune is a religious experience . ,0,0,1,0
ss92,"the restaurant is inside an old style passenger train , which gives it more character . ",0,0,0,1
ss482,the lady was so nice to throw in a complementary coffee flavored madeleine fresh out of the oven ,0,1,0,0
ss487,  the spicy serrano salmon balanced bangin ' spicy with cooling cucumber and crunchy wonton ,0,0,1,0
ss351,friday happy hour ! ! they have giant frozen margaritas that come in fish bowls . sooo fun . free chips and good food . ,0,0,1,0
ss202,the lines may be long at times ,0,1,0,0
ss198,very very friendly and they made an effort with us . ,0,1,0,0
ss486,go every 6 weeks or less and get 20 % discount which makes an hour massage $ 56 instead of $ 70 ,1,0,0,0
ss15,the product itself is a repellent combination of over intense flavours ,0,0,1,0
ss304,customer service was lacking in terms of front desk staff but the student that i got was terrific and did a good job with my haircut . ,0,1,0,0
ss12,way over priced ! $ 39 for the dish pictured . ,1,0,0,0
ss301,we waited 2 hours for our food to be served - the manager briefly came to the table to see if everything was ok but failed to solve the problem ,0,1,0,0
ss476,"outdoor patio with cute lights , gazebos . belly dancers , hooka , music . ",0,0,0,1
ss23,the servers were a bit confused ,0,1,0,0
ss243,the only down side is the prices are n't necessarily cheap depending on what your budget is but i believe you get what you pay for here ,1,0,0,0
ss463,there were different dessert options from soft serve to interesting boba flavors had are not offered elsewhere in beaverton ,0,0,1,0
ss242,"great place , however , lately there have been a ton of flies inside the restaurant ",0,0,0,1
ss174,"the staff here were very pleasant even through the cancellation process , and seemed to realize that someone 's ending use of a unit did n't have to mean permanent loss of a customer . ",0,1,0,0
ss173,i still believe he did n't want to help to sit us together and used poor judgement setting up the tables ,0,1,0,0
ss447,staff always greets me and they are efficient and helpful ,0,1,0,0
ss44,50 $ for buffet and mind you i only ate crab legs ,1,0,0,0
ss354,this place was just okay . the service is really great but i felt that the food was nothing special . ,0,1,1,0
ss60,the food is pretty good ,0,0,1,0
ss192,"the rooms are nice , spacious and cozy . the huge 42 inch flat screen tv mounted to the wall made it covienent to watch tv from the cozy sectional or while in bed ",0,0,0,1
ss291,i do not care about paying money for my sushi but this was not worth the price ,1,0,0,0
ss366,seriously unless you are seconds from starvation save your money and walk 3 - 4 blocks to the upper crust in the south end . their pizza is awful and the service is cavalier . ,1,1,1,0
ss142,all the staff there is amazing . ,0,1,0,0
ss450,it 's wheelchair - accessible ,0,0,0,1
ss315,"i travel the world as part of my job "" and relax station is now a "" must do "" when in boston . "" ",0,0,0,0
ss389,always plenty of choices well stocked . very helpful customer service . ,0,1,1,0
ss256,not a great place to go on a friday or saturday night if you want to have conversation because the crowd gets loud . ,0,0,0,1
ss424,"good service , had omelette and guava pastry , highly recommend ",0,1,1,0
ss1,i really enjoyed   non - sarcastically   having an overpriced drink here because it reminded me of new york . ,1,0,0,1
ss106,i tried to contact them through the app and website and still have n't heard back . ,0,1,0,0
ss100,some of the items they sale here are a bit over priced ,1,0,0,0
ss403,"i highly recommend their bakery . also , they have great produce and seafood . ",0,0,1,0
ss483,truly incredible and such reasonable pricing . ,1,0,0,0
ss29,the food quality is average and their service is slower than slow ,0,1,0,0
ss103,perfect little spot with healthy options and everything was so delicious . ,0,0,0,1
ss469,the order is always ready on time and the staff are friendly . ,0,1,0,0
ss334,first time having an affogato and it was amazing ! ! ! i had it with their pistachio gelato perfect combo imho ! !   my wife had the strawberry sorbet and loved it . ,0,0,1,0
ss140,"always helpful , always wonderful , always available . ",0,1,0,0
ss61,i did end up finding the perfect doll . ,0,0,1,0
ss370,great customer service at a fair price . their method is safe and efficient with no need to tear everything apart . they really helped me out and i recommend you call them first . ,0,1,0,0
ss229,their local pickup option saves shipping costs ,1,0,0,0
ss187,today we waited over ten minutes behind one car in the drive thru for their single order ,0,1,0,0
ss145,the store was clean and well organized ,0,0,0,1
ss49,jimmy really cares about his customers and his craft . ,0,1,0,0
ss363,door dash . i ordered 1 samosa . 1 falafel ball . 1 shawarma wrap . falafel ball was tasty . overall everything is quite typical . ,0,0,1,0
ss318,super friendly and fantabulous staff ! i believe its the team that makes this place so cool and friendly . ,0,1,0,0
ss211,the building is pretty shanty like but the food is good . ,0,0,0,1
ss39,the guy told me if i buy a $ 5 sub then i get less vegetables than an $ 8 sub . ,1,0,0,0
ss27,"for the price i paid , i get more with a vist to another fast food competitor . ",1,0,0,0
ss293,the dudes working were very helpful and nice . ,0,1,0,0
ss35,slow but courteous . ,0,1,0,0
ss380,this is the best indian in the portland metro area ,0,0,1,0
ss149,rate increases totaling 36 % over 3 months resulted in my canceling my account here . ,1,0,0,0
ss108,the girl at check in that took my info just started typing away and did not explain anything to me . ,0,1,0,0
ss16,"for how much it cost , it could have been better . ",1,0,0,0
ss168,the decor was cute and the service was quick . ,0,1,0,1
ss17,parking can be a issue and they no longer have the dog pen . ,0,0,0,1
ss357,really nice . quiet . reliably friendly . inexpensive . a place to think or reconnect with good friends . patio can be hot . great waitress . ,1,1,0,1
ss240,the 45 minutes wait was 45 minutes too long . ,0,1,0,0
ss355,great food and service ! ! ! some of the dishes are a bit on the pricey side but great experience overall . ,1,1,1,0
ss170,"while he checked on the price   which seemed to take much more effort than it should have   , i found the shoes on - line for almost half the price . ",1,0,0,0
ss130,attentive and friendly service . ,0,1,0,0
ss383,awesome service   clean restaurant good food . since i am middle eastern i would like a little bit more flavor . but my friends loved it :  ,0,1,1,1
ss451,sam the owner makes everyone feel at home and well - fed at umpa 's ,0,1,0,0
ss204,the portions are perfectly sized to fill you up without any leftovers . ,0,0,1,0
ss496,he told me $ 720 cash - which i went out of my way to get . ,1,0,0,0
ss317,rib kings closed earlier in the year . the slab of food truck fame   just opened in the same spot august 1st . ,0,0,0,0
ss305,"busy place . less options for "" buffet "" . quite expensive . you pay for the buffet and you pay extra for grilling . ",1,0,0,0
ss128,"for the money we paid   over 80 $ for 1 appetizer , 2 dinners , 2 drinks   we could not eat much ",1,0,0,0
ss105,we arrived at 6 pm and the employees told us the order was n't ready . ,0,1,0,0
ss253,"steak was dry as a bone , lasagna was cold . ",0,0,1,0
ss91,staff is nice and would help to fulfill your requests . ,0,1,0,0
ss125,but they are more expensive than what i ' ve paid in the past and what another shop charges ,1,0,0,0
ss414,we recently bought a sofa and two chairs along with some other home items here . ,0,0,1,0
ss466,"the food is good but not amazing and at the price , it should be spectacular ",1,0,1,0
ss160,"prices vary so you have to shop around , but every once in a while you can find a really awesome deal . ",1,0,0,0
ss382,went there after purchasing a groupon . huge mistake . rolls were not good . looked stale . ,0,0,1,0
ss5,i love their location in la and was hoping to get the great service i usually get when i shop over there . ,0,1,0,0
ss322,truly amazing place !   excellent food awesome activities so peaceful and very environmentally friendly . the staff was truly amazing as well . i ca n't even come up with a negative comment … ,0,1,1,1
ss325,bad service all around . food was ok but service was horrible from carol . i 'd never go back there again . seriously the service was * that * bad . ,0,1,1,0
ss90,"also , the smell of the restaurant was very bothersome . ",0,0,0,1
ss20,service is n't great either . ,0,1,0,0
ss175,he was also slow on refilling our waters throughout the meal . ,0,1,0,0
ss407,one of the new race track store with an amazing selection good hot food great coffee and very clean bathrooms . ,0,0,1,1
ss24,it was a little last minute and they were extremely accommodating . ,0,1,0,0
ss358,not the cheapest but fresh and delicious ! love the veggie green machine . ,1,0,1,0
ss457,my favorite is the jamaican black pepper shrimp ! i love the lemon cream cake too ,0,0,1,0
ss97,friendly staff . ,0,1,0,0
ss218,there 's construction right in front of the building so parking and getting around are a bit difficult ,0,0,0,1
ss493,super helpful and friendly . ,0,1,0,0
ss234,the bench outside is under a couple of trees and is a nice place to sit and people watch as well . ,0,0,0,1
ss219,"not always worth the price for me , 4/5 ",1,0,0,0
ss25,super quick food lines and attentive employees . ,0,1,0,0
ss288,there was a french lady in that day and she really knew her stuff . she was so friendly and full of smiles . ,0,1,0,0
ss70,unfortunately several times its been undercooked where literally another 90sec would ' ve made it awesome ,0,0,1,0
ss51,"the food is awesome , fresh , delicious and the best part is , it 's still healthy . ",0,0,1,0
ss292,the waitress we had did not ask if we would like another drink before brining us our check . ,0,1,0,0
ss412,we are always greeted with a smile . ,0,1,0,0
ss131,give me a good waiter and decent food and it 's hard to not impress . ,0,1,0,0
ss400,we also ordered the parm chicken bites which were horrible and tasted like they were frozen and microwaved . ,0,0,1,0
ss464,it was $ 9.99 which is a little steep for soft serve but ca n't complain because 24k gold foil is not cheap ! ,1,0,0,0
ss230,they are very responsive to inquiries online and their turnaround is fast enough that you can often order online and pick up the same day after confirmation ,0,1,0,0
ss159,only issue i have with this place is that they ' ve raised their prices twice in the last year and now it 's $ 2.10 for almost every plate which i think is very high for what you get ,1,0,0,0
ss239,"we tried the wings , the prawn clay pot and the crepe . ",0,0,1,0
ss150,she also refused to provide the name of her boss in order for me to complain about the experience . ,0,1,0,0
ss93,i went by around 1:30p on a friday and there were still plenty of tables available even though they were busy and had nice outdoor seating as well . ,0,0,0,1
ss336,too salty . it tasted not bad when you ate inside . however your stomach will feel uncomfortable afterwards . ,0,0,1,0
ss418,"pete comes across as a dependable , honest dude which is exactly what you 're looking for with an appliance repair guy . ",0,1,0,0
ss184,"it is a surreal experience and profound in that you live for a few hours as a blind person would , being served by a blind person . ",0,1,0,0
ss47,i sat outdoors and enjoyed the nice string lighting and music that was playing ,0,0,0,1
ss249,lots of outdoor seating as well . ,0,0,0,1
ss474,the young guys that worked on the house were very professional and polite . ,0,1,0,0
ss216,"it is a little pricy though , i drop about $ 200 per visit . ",1,0,0,0
ss285,"the staff really was engaging , and helped me , a novice , choose paints , brushes , talked with me about techniques , and told me where to go for more information ",0,1,0,0
ss195,nail time lowered their prices ,1,0,0,0
ss37,"unbelievable , it was me & my mother so it was a total of 100 $ i could have gone to red lobster and ate better quality of food . ",1,0,0,0
ss73,our host reinhold is so nice and gracious . ,0,1,0,0
ss259,$ 30 for a meal i would n't eat if given a second chance for a do over ,1,0,0,0
ss440,fantastic office with amazing staff ,0,1,0,0
ss81,"do not eat here , it is unsanitary . ",0,0,0,1
ss401,burgers were great and they had a large variety . ,0,0,1,0
ss477,"they also sell single beads that range from $ 4 to $ 50 depending on the stone , gem , or complexity . most of these appeared to be semi - precious . ",1,0,1,0
ss497,"the very friendly , helpful service staff made this a terrific experience . ",0,1,0,0
ss376,fairly good burgers   but a little too well done . ca nt believe you ca n't order medium rare . why ? ,0,0,1,0
ss46,i bought a living social deal $ 30 for $ 60 awhile back . ,1,0,1,0
ss38,the meal was delicious    and reasonably priced . ,1,0,0,0
ss364,nothing to write home about . food was ok but not worth the price . not sure what all the hype is about . ,1,0,1,0
ss167,extremely quick response to an appointment request and was able to groom our dog the very next day . ,0,1,0,0
ss374,5 - stars for the food 4 - stars for the service   sometimes   3 - stars for the noise . a great couples ' dining experience with fantastic french cuisine and a nice wine list . it has a very european feel . ,0,1,1,1
ss264,i asked the waitress to explain the wine flight and what wines they were and she did n't know ,0,1,0,0
ss181,management is drippy ,0,1,0,0
ss208,have not purchased fresh seafood here before but it 's available if you want it . ,0,0,1,0
ss233,"the interior is sparkling clean , the machines are efficient and in good repair , and the area it 's in is aesthetically pleasing as well ",0,0,0,1
ss267,the food came out quickly and was hot and fresh ,0,1,0,0
ss101,me : then why did you tell me they were on discount ? ,1,0,0,0
ss335,not only did the cake look amazing it also tasted amazing . so happy with lola and sweetness highly recommended . ,0,0,1,0
ss320,from the outside it looks like a cinderblock dive . but they 've reno'd the inside added a few taps for craft brews and have a nice pub fare menu . definitely worth finding . perfect lunch stop . ,0,0,0,1
ss434,the location is spacious and there are lots of car on display to view and sit inside . ,0,0,0,1
ss236,"their service price is on the higher - end , but their work is seamless , clean , professional , and complete ",1,1,0,0
ss377,fantastic team . eric and jacob were an amazing team . they worked diligently throughout the day and were so flexible with us . 10 out of 10 ! ! ! ! ! ,0,1,0,0
ss490,  banh mi should be the common man 's poor people food and is $ 8 + in the austin area ,1,0,0,0
ss186,there was a nice beer and cocktail list to choose from as well . ,0,0,1,0
ss112,they should be shut down for terrible service . ,0,1,0,0
ss191,they have an awesome return policy which makes me confident about the stuff i buy there . ,0,1,0,0
ss330,good steak and service but holy moly the place is freezing ! bring a jacket . we were here in june and it was probably 60 degrees f inside . i was shivering the whole time . ,0,0,1,1
ss65,their service is typically slow and unfriendly ,0,1,0,0
ss56,"the food was delicious , and the cake was to die for . ",0,0,1,0
ss498,i was immediately greeted by the service staff upon walking in the door . ,0,1,0,0
ss223,"nice open , clean and crisp atmosphere ",0,0,0,1
ss461,the staff was very friendly and they have a wide selection of drinks . ,0,1,1,0
ss53,the interior is clean and has an almost perfect health rating ,0,0,0,1
ss189,the flavors were not the best and the froyo itself was watery . ,0,0,1,0
ss19,the shoe was on special price so we got a good deal and bought the shoe as well ! ,1,0,1,0
ss279,both will give you courteous reminder calls about your account ,0,1,0,0
ss265,service generally was slow and unknowledgeable . ,0,1,0,0
ss421,"atmosphere is amazing , workers are always friendly . ",0,1,0,1
ss214,lots of picnic tables outside with lots of bees and flies buzzing around . ,0,0,0,1
ss425,"  all was tasty , but oatmeal was like hot water with flavor ",0,0,1,0
ss402,"place looks like a typical upscale burger restaurant , staff is nice enough . ",0,1,0,1
ss127,"i assumed because they are located next to intel ,    they figured they could charge a ridiculous price for a style . ",1,0,0,0
ss50,"my other dining companions seemed pleased with their food   one ordered a veal marsala that i did not try and the other - my favorite - ordered off the menu , actually , a request they were kind enough to accommodate - it was gnocchi caprese with pesto sauce instead of tomato sauce , and it was gooeyyummydelicious   ! ",0,1,1,0
ss63,the staff is always friendly and they make you feel comfortable even when you 're getting uncomfortable work done . ,0,1,0,0
ss67,not worth the 40.00 for a basic cut . ,1,0,0,0
ss55,and they let me apply the discount to both of our tickets . ,1,0,0,0
ss392,excellent white sangria and awesome avocado chicken pizza ! ,0,0,1,0
ss484,the wings were delicious . ,0,0,1,0
ss155,i like their outdoor seating in the front with sun . ,0,0,0,1
ss427,"i highly recommend the beet salad , and order a side of the avocado fries for the "" table "" - you 'll love them ! ",0,0,1,0
ss435,he always went above and beyond to meet my requests . ,0,1,0,0
ss443,  the spa is dirty and out dated ,0,0,0,1
ss146,"booking was easy , the staff was friendly , and they communicated very well . ",0,1,0,0
ss26,"this place is a treasure , and the atmosphere is amazing as well . ",0,0,0,1
ss410,the service was terrible the girl did nt even take our drink orders and just overall seemed to not care about anything going on ,0,1,0,0
ss113,the main squeeze was definitely the value and quality of our meal . ,0,0,1,0
ss34,some of the items they sale here are a bit over priced but if you do n't mind paying a bit extra this is the place to go . ,1,0,0,1
ss371,locker rooms are always dirty especially the bathrooms . often on weekends the stalls are out of toilet paper hair balls under the equipment on the floor which are still there a month later ..... ,0,0,0,1
ss411,"the customer service at crate & barrel is excellent , both at the lenox location and north point ... unlike west elm . ",0,1,0,0
ss213,the restaurant was clean . ,0,0,0,1
ss215,very covid friendly . ,0,0,0,1
ss171,"service exceptional . continuously filling waters , etc . ",0,1,0,0
ss296,i love nick 's . get the steak bomb sub ! or the calzone . it 's nice and greasy ... ,0,0,1,0
ss268,wendy i must say was the most professional and courteous food service professional we have had the pleasure of meeting . ,0,1,0,0
ss18,"all you can say is yuuummmmmmmmyy , the line was n't bad given we were there around 3 pm ",0,1,0,0
ss417,only dinged a star because it was $ 7 for a tiny ' bowl '   i bought a piece of bread and h20 with it as well for a grand total of $ 11 !   ouch ... ,1,0,0,0
ss163,this place is only worth your time if you are looking for discount designer jeans ,1,0,0,0
ss428,my only complaint is i do n't like leaving there smelling like smoke and steak .   i wish their ventilation was a lot better . ,0,0,0,1
ss297,best peanut butter ever .   i have a full blow addiction . try the cheesecake cone too . hell try all the flavors . ,0,0,1,0
ss77,very reasonably priced and came right on budget . ,1,0,0,0
ss302,great customer service very friendly . purchased the wrong size i called minutes before closing time theresa had the correct size by the next day . thanks theresa . ,0,1,0,0
ss353,all you need to know is 16 $ bottomless mimosas . i do n't even remember how the food tasted . go for the mimosas ,1,0,1,0
ss311,i was able to get a next day appointment .   had my rear window replaced and it came out great .   price was competitive . ,1,0,0,0
ss79,she then decided that the only thing to do was be rude to me . ,0,1,0,1
ss419,the owner was very nice and i managed to make him laugh more than he made me laugh so woo hoo to me . ,0,1,0,0
ss439,awesome prices . fast staff . ,1,1,0,0
ss381,cheap prices ok staff there all younger people so that can be why other then that best place for grocery ,1,1,0,0
ss475,they go out of their way to accommodate you and make sure you are having a good time . ,0,1,0,0
ss201,this man is unstable and incompetent as a manager ,0,1,0,0
ss98,the waiting staff were very nice . ,0,1,0,0
ss158,they were clearly not equipped for a group our size ,0,0,0,1
ss277,"everything is a little pricey but the ingredients are great quality , so it 's worth it ",1,0,0,0
ss372,out of state and unable to reach anyone by telephone .   usps has poor customer service . poor online help . ,0,1,0,0
ss441,"the only reason i gave this place 3 stars was because of the amount of food that you get for the price , big price little amount of food ",1,0,0,0
ss176,adult tickets are $ 13.50 but they have military discount . ,1,0,0,0
ss74,"the manager and staff were friendly , which is always a nice bonus . ",0,1,0,0
ss449,he gave me some great ideas with different price points . ,1,0,0,0
ss162,"my parents told me a horror story about their friends ' wedding photographer , who insisted on always getting the shot he wanted . ",0,1,0,0
ss343,i enjoyed the sweet and spicy salmon bowl today ! it was tasty lite but quite satisfying and fresh ! welcome to the neighborhood grub ! ,0,0,1,0
ss188,"everyone is kind and professional , with no pretense . ",0,1,0,0
ss420,only reason this place was n't a 1 * hotel is because everybody i encountered from housekeeping to the front desk was very helpful and friendly . ,0,1,0,0
ss454,we had to ask to get order taken and go to the podium to pay ,0,1,0,0
ss21,this mall actually feels like one in las vegas . ,0,0,0,1
ss254,very pricey for a bad meal ,1,0,0,0
ss166,the server was cold and seemingly uninterested in making our experience pleasant ,0,1,0,0
ss480,"the prices were reasonable , between $ 5-$10 per roll , but the rolls were just ok . ",1,0,0,0
ss179,sushi menu was pretty standard and the flavor was nothing special . ,0,0,1,0
ss207,better prices than most places for lobster rolls and seafood platters . ,1,0,1,0
ss232,yes ! sunshine roll and a seaweed salad for ten bucks ,1,0,1,0
ss205,"bubble teas are not so good ; they are cheap , so they are probably just right for the price . ",1,0,1,0
ss22,"i love that for things you order regularly you can establish a standing order and get a 5 % discount   milk , eggs , etc .   . ",1,0,0,0
ss58,no appointment on a saturday afternoon and they managed to get me in and out in an hour . ,0,1,0,0
ss13,"the decor looks a little old fashioned , but that actually adds to the feel and i like it . ",0,0,0,1
ss152,"dear hyatt place , if you are going to charge $ 75 for a pet fee , then tell me that my pet is n't allowed through the front door and lobby ",1,0,0,0
ss384,great local restaurant to hang out with friends and have a decent meal .   we like the bar side for the atmosphere .   great burgers . ,0,0,1,1
ss64,everything we tried so far was delicious ! ,0,0,1,0
ss465,soft serve was delicious with a good balance in flavor . it was not too sweet . ,0,0,1,0
ss404,"rude , unprofessional and disrespectful . ",0,1,0,0
ss57,"great chicken , but go during a weekday lunch time to avoid the crowds ",0,0,1,0
ss14,"they do not accept reservations , but it is worth the wait . ",0,1,0,0
ss393,nope over - priced hipster doughnuts . ,1,0,1,0
ss373,great place for families ! clean safe and fun for all ages ! ! ,0,0,0,1
ss359,never had better . lamb hummous salad rice all delicious . ,0,0,1,0
ss52,it took the one and only waitress at least 1 hour to serve our food . ,0,1,0,0
ss310,for $ 7 to get in the door including adults than more money to ride some of the few things they have skip it and go to leeds farm . ,1,0,0,0
ss396,"overall , service was good and friendly ",0,1,0,0
ss136,pepe is usually there also greeting his customers with a smile and making sure everyone is taken care of . ,0,1,0,0
ss95,the server   scottie   i think was trying to hard to be funny and came across as rude and careless in my opinion . ,0,1,0,0
ss348,loved their matcha palmer and beautiful outdoor patio with murals and picnic benches ! ,0,0,1,1
ss339,fresh and good quality seafood provided . would love to revisit again . we had it in seattle before and we are thrilled to have it now in portland ! ! ! ! ! good service and delicious food ! ,0,1,1,0
ss423,nice location and was able to grab a starbucks and parking spot across the street . ,0,0,0,1
ss62,overpriced wanna be burger and brew place . ,1,0,0,0
ss499,  they take their time to serve you have no problem showing you around . ,0,1,0,0
ss226,first time customers get a 10 % coupon on their website ,1,0,0,0
ss165,jamaal is a great instructor and provides personalised and hands - on corrections to ensure you get the best workout . ,0,1,0,0
ss429,"i completed my order of a $ 9 vegetable platter off of the "" hot bar "" with green beans , rice and lentils , and chickpeas and eggplant . ",1,0,1,0
ss68,"i am not from the area , and parking is tough ",0,0,0,1
ss248,the setting is awesome with a lodgelike setting . ,0,0,0,1
ss122,the pork belly rice is also really good ,0,0,1,0
ss282,nicole and alison at the front were extremely welcoming when i arrived and made me feel very comfortable . ,0,1,0,0
ss133,only complaint is they 're expensive   $ 6.25 for 8  and the sizing is not consistent . ,1,1,0,0
ss489,"jeff and his team were fairly priced   we looked at 3 pest companies   , hard workers and provided excellent service throughout the job . ",1,1,0,0
ss212,the black eyes peas and cornbread are delicious ! ,0,0,1,0
ss169,"the woman told me that her manager said yes they have the calls recorded , but he will not listen to them , and that she was ' proceeding to cancel this call ' .. ",0,1,0,0
ss225,they have jamaican beef patties ,0,0,1,0
ss82,it 's such a modern restaurant but their dishes are authentic and super delicious ,0,0,1,0
ss115,"he ordered the tires , gave me a great price and it was done that same day . ",1,1,0,0
ss124,"they are kind , polite , and take the time to explain everything ",0,1,0,0
ss3,hence the food is way too pricey for what 's offered ,1,0,0,0
ss260,very disappointed in the meals and price ,1,0,0,0
ss436,"also , do n't forget to try their spicy cheese if you like spicy food . ",0,0,1,0
ss247,we got the man size beer which was freakin huge for $ 2.99 ,1,0,1,0
ss290,"my only prior complaint was the cramped space , but since the recent expansion , this is no longer an issue . ",0,0,0,1
ss245,they were so helpful and attentive . ,0,1,0,0
ss375,everyone here is so friendly ! the whole establishment smells like great food and that 's exactly what it is . delicious ,0,1,1,0
ss107,the wait staff is attentive and knowledge ,0,1,0,0
ss66,environment was lively and diverse . ,0,0,0,1
ss251,all of the therapists there are very friendly and make you feel comfortable and relaxed . ,0,1,0,0
ss224,there 's a bundle you can buy for 12 wings and pizza for like 22 dollars ! ,1,0,1,0
ss321,fabulous food ! loved the classic tomato soup and grilled cheese sandwich ! where good food meets fun ! ! ! ! 2 thumbs up ! ,0,0,1,0
ss180,the attention to customers i observed to be very good and free computer use is available in the lobby . ,0,1,0,0
ss257,no real depth to their selection but the price is right and they will have at least something for everyone ... ,1,0,0,0
ss406,a manager so disrespectful what a shame ,0,1,0,0
ss395,blain did an excellent job on our grout sealant at a great price . ,1,1,0,0
ss332,good food great staff comfortable and accommodating ! thanks   brewed for taking great care of our group ,0,1,1,1
ss78,"the food is quite tasty , but the operation around is , let 's say "" challenged "" . ",0,1,1,0
ss313,this is a beautiful library .   i 'd go see it if i was a tourist .   just stunning inside .   free internet and all the current magazines .   really well done and run . ,0,0,0,1
ss231,"also look for their sales , especially the dings & dents - the games are often barely hurt , but can be good discounts on already great prices ",1,0,0,0
ss246,even on a friday they had 2 $ off drafts . ,1,0,0,0
ss397,there 's no place to change a baby 's diaper   no changing tables   ,0,0,0,1
ss328,one of the saddest buffets i 've been to . the selection though it seems many ... not so many great tasting edible dishes ... ,0,0,1,0
ss227,when i called to ask for a refund they said they were unable to and then tried to charge my card without my permission . ,0,1,0,0
ss312,very well ran and maintained museum . take your time and take everything in . some beautiful things await you here ! ,0,0,0,1
ss349,great pad thai with tofu . will be definitely coming back for more . amazing customer service . ,0,1,1,0
ss284,other places i had called wanted close to $ 500 before i even met the dr ,1,0,0,0
ss2,"we got here just before the peak lunch crowd on a saturday morning , and still had to wait 30 minutes , which gave us enough time to find parking down the street . ",0,1,0,1
ss488,"the service is awesome for a pub - style joint , and there is something to satisfy everyone ",0,1,0,1
ss0,had a really awkward time ordering a beer because nothing on the menu was stocked . ,0,1,1,0
ss194,i ordered mango & taro moochi in coconut milk for $ 6 ,1,0,1,0
ss287,"they have a pretty decent selection of macarons as well , not as wide as le macaron , but definitely cheaper and just as good . ",1,0,1,0
ss274,the chairs are super comfortable and the prices are reasonable . ,1,0,0,1
ss272,staff member helped him and gave us other suggestions as well . ,0,1,0,0
ss453,very slow service and they were n't even busy . ,0,1,0,0
ss40,"the only negatives are that the inside is really small , so seating is incredibly cramped and could not accommodate groups ",0,0,0,1
ss307,very expensive for a plastic cup togo dessert but ... disney . the salted caramel sundae was really good . share it ! ,1,1,0,0
ss87,"the staff is very kind and knowledgeable , and they remember my pup 's name when i bring him in . ",0,1,0,0
ss80,$ 45 for three of us with large appetites . ,1,0,0,0
ss71,they need to chill on their prices . ,1,0,0,0
ss456,he was super friendly and helpful and made me feel welcomed . ,0,1,0,0
ss299,so good ! best ginger salad and mushroom onion soup ! ,0,0,1,0
ss206,large selection of dishes for under $ 9 and there is tons of food . ,1,0,0,0
ss28,everything fresh and all full of flavor . ,0,0,1,0
ss324,"yuk . untuckit shirts fit my 5 ' 8 : husband to a glove- perfect . but the fabric is awfully cheap for a $ 90 + shirt "" and has a "" perma - smell "" that leads us to avoid this product . ” ",1,0,1,0
ss33,the only problem we really had was the ladies at the front office were sorta rude and looked annoyed at us . ,0,1,0,0
ss220,over charge and unfriendly when you ask about one thing or another 's price being too excessive or not on par with the local market ,1,1,0,0
ss350,this place has an abundance of selections the food is very fresh and the service is friendly highly recommend it great value for the money ! ,1,1,1,0
ss209,ladies at the counter are super helpful and friendly . ,0,1,0,0
ss492,"the guy working that day was borderline incompetent , unapologetic about how slow he was going , and overall unsympathetic ",0,1,0,0
ss244,"i got a margherita panini , which is one of their many veggie options , and my husband had a bison burger . ",0,0,1,0
ss270,expensive and really not that great . ,1,0,0,0
ss117,lots of free parking in the rear of the restaurant . ,0,0,0,1
ss442,"the management is horrible , and deborah martin does not know how to conduct business as professional director ",0,1,0,0
ss148,"the food was n't half bad either , but i had the bar food staples . ",0,0,1,0
ss445,she was also completely unsanitary and unprofessional leaving the used wax strips on the chair i was laying on ,0,1,0,0
ss153,prices here are very reasonable ! ,1,0,0,0
ss405,"no sense in calling the head manager or owner , you wo n't get a response ",0,1,0,0
ss182,"the place was beautiful , immaculately clean , comfortable bedding   lovely sheets   and breakfast was delicious . ",0,0,0,1
ss473,the prices are pretty steep at $ 8.99 for a thali style buffet lunch ,1,0,0,0
ss468,pizza was excellent . they have a nice sweet sauce . ,0,0,1,0
ss32,very dark and stylish and clearly they were aiming for something of a cross between a club feel date night and just a nice evening out that you would like to bring someone special . ,0,0,0,1
ss416,i 've always had efficient service too ! ,0,1,0,0
ss183,"we never get utensils , and it takes a great deal of effort to flag anyone down for refills or to order food ",0,1,0,0
ss269,i have strict dietary needs and a manager was so helpful at looking up the info for me . ,0,1,0,0
ss83,all of the mexican food was half price . ,1,0,1,0
ss4,i can not believe someone was not satisfied with the quality of the chicken at this location ! ,0,0,1,0
ss338,he df maple roundie is the worst thing i ever ate . too heavy and way too much nutmeg leaving a film on my mouth . ,0,0,1,0
ss255,"my boyfriend ordered the tonkotsu ramen - nice after taste , but very salty . ",0,0,1,0
ss326,no vegan donuts and $ 1 charge to use oat milk as creamer in my coffee ? no thanks ! i get the draw but as a vegan this place is unfriendly . ,1,1,1,0
ss10,our server actually seemed annoyed that he had to talk with us ... just another table and more faces ... more orders ... move it along . ,0,1,0,0
ss48,they have some great offers going on now with even 70 % off on some items . ,1,0,0,0
ss485,"i am very dissatisfied with the customer service but on a positive note , i have no problem with the tanning equipment ",0,1,0,0
ss394,are they still open ? no web site and the phone number does n't work . ,0,1,0,0
ss340,hands down the best pizza in buckhead ! ! ! fresh good quality ingredients . a keeper ! ! ! ! ,0,0,1,0
ss119,it was clear that she was more concerned with being right than being helpful . ,0,1,0,0
ss275,i came on my lunch break and i was impressed with fast friendly service ,0,1,0,0
ss121,employees have horrible attitudes ! ,0,1,0,0
ss452,they have added some new smoothie flavors but i still stick to my standard . ,0,0,1,0
ss84,always a good time ! the food was on point as always .. they can cook a steak like no other ! sometimes better than the keg . ,0,0,1,0
ss444,the woman was unprofessional and disorganized and did not even remember that i had made an appointment ,0,1,0,0
ss228,the manager was incredibly rude and childish on the phone . ,0,1,0,0
ss85,"however , once our dinner came i thought the food was average at best . ",0,0,1,0
ss329,i tried them out today for the first time . food was great and all the staff was very friendly . ,0,1,1,0
ss196,"service was awful , bathrooms were filthy and wellesley 's stupid blue law about requiring every patron to order food while drinking is absurb . ",0,0,0,1
ss144,the waiter was friendly and helpful ,0,1,0,0
ss111,prices were reasonable and mission accomplished ! ,1,0,0,0
ss314,drive all the way here to find it closed when it is said to be open on yelp and google ,0,0,0,0
ss258,"large selection of your standard beers , liquors and wines ... ",0,0,1,0
ss252,"3 stars because the server ,   waitress   was indifferent to our needs . ",0,1,0,0
ss185,appointment was quick and the staff was incredibly friendly . ,0,1,0,0
ss367,the fuck . . . ? they just increased their prices again !   they now have a 2.5 star rating . blaaaaaah . ,1,0,0,0
ss356,limited beer selection and food is over priced . service and atmosphere were good though . ,1,1,1,1
ss462,service was super friendly and you 're immediately welcomed with a smile . ,0,1,0,0
ss235,"the service provider was very polite , professional , and considerate of being clean   he was courteous enough to remove his shoes before entering my home without me having to ask   ",0,1,0,0
ss478,this is also a good place for jewelry repairs as the prices are reasonable since this is something they just do on the side . ,1,0,0,0
ss413,they always make sure you know they 're here to help but at the same time not smother you like other stores do ,0,1,0,0
ss263,he cares about his clients and is always available when we need him . ,0,1,0,0
ss303,bad service . long wait time and no waiter serve us . empty tables inside and stand at the door for over 10 minutes but no one came to us . have to leave . ,0,1,0,0
ss86,"there 's nothing striking about the environment or decor here , but do not leave without trying the dried , sautéed green beans ",0,0,1,1
ss316,my daughter brought me here for my birthday . had so much fun i did not recall leaving ! great selection . ,0,0,0,0
ss43,"well , massively disappointed with this place . fries were cold , i mean 5 hour cold ! ! the burger ? smashed together like they were trying to save space in bvb yge bag . ",0,0,1,0
ss300,clean process . we wash hands before even sitting down . feels good . every other seat for clients .   excellent service and massage ! thanks monica ! ,0,1,0,0
ss430,staff has been friendly every time . ,0,1,0,0
ss141,my manicure was sloppy and uneven . ,0,1,0,1
ss75,prices are not bad and they have a good amount of seats   and take reservations   . ,1,1,0,1
ss203,our order was wrong as well as missing items . ,0,1,0,0
ss438,"great ambiance , really good breakfast food and the best hours ever ",0,0,1,1
ss139,my phone screen was replaced in 30 minutes and looks great . ,0,1,0,0
ss283,i then had my consultation with dr. kruy directly .... and it was free ! ,1,1,0,0
ss459,we were leasing from a remote location and he was informative and thorough in every step of the process . ,0,1,0,0
ss399,the environment was super sweet and people were nice ,0,1,0,1
ss109,"friendly w / great customer service , reasonable prices , and a chill atmosphere ",1,1,0,1
ss116,the ladies that work here are all so friendly ! ,0,1,0,0
ss409,"the food was not as good as i expected it to be , it was overpriced ",1,0,0,0
ss96,this is the best sushi in town ,0,0,1,0
ss41,and it 's terribly over priced for the quality . ,1,0,0,0
ss164,the waiter was also really nice and the atmosphere is beautiful . ,0,1,0,1
ss369,if you have 4 hours for lunch you 'll have no problem eating here .   awful service which is a shame because their food is pretty good . ,0,1,1,0
ss271,"the doctor does not seem to be very knowledgeable , their treatment did not work . ",0,1,0,0
